pathogen_code,search_text
abiotrophiadefectiva,Abiotrophia defectiva
acetobacteraceti,Acetobacter aceti
achromobacterdenitrificans,Achromobacter denitrificans
achromobacterruhlandii,Achromobacter ruhlandii
achromobacterxylosoxidans,Achromobacter xylosoxidans
acidipropionibacteriumacidipropionici,Acidipropionibacterium acidipropionici
acidovoraxtemperans,Acidovorax temperans
acinetobacterbaumannii,Acinetobacter baumannii
acinetobacterbaylyi,Acinetobacter baylyi
acinetobacterbeijerinckii,Acinetobacter beijerinckii
acinetobacterbereziniae,Acinetobacter bereziniae
acinetobacterbohemicus,Acinetobacter bohemicus
acinetobactercalcoaceticus,Acinetobacter calcoaceticus
acinetobactercalcoaceticussubsp.anitratus,Acinetobacter calcoaceticus subsp. anitratus
acinetobactercolistiniresistens,Acinetobacter colistiniresistens
acinetobacterhaemolyticus,Acinetobacter haemolyticus
acinetobacterindicus,Acinetobacter indicus
acinetobacterjohnsonii,Acinetobacter johnsonii
acinetobacterjunii,Acinetobacter junii
acinetobacterlactucae,Acinetobacter lactucae
acinetobacterlwoffii,Acinetobacter lwoffii
acinetobacternosocomialis,Acinetobacter nosocomialis
acinetobacterpittii,Acinetobacter pittii
acinetobacterschindleri,Acinetobacter schindleri
acinetobacterseifertii,Acinetobacter seifertii
acinetobactertowneri,Acinetobacter towneri
acinetobactervariabilis,Acinetobacter variabilis
actinobacilluspleuropneumoniae,Actinobacillus pleuropneumoniae
actinobacillussuis,Actinobacillus suis
actinomycesisraelii,Actinomyces israelii
actinomycesnaeslundii,Actinomyces naeslundii
actinomycesoris,Actinomyces oris
actinomycesviscosus,Actinomyces viscosus
aerococcussanguinicola,Aerococcus sanguinicola
aerococcusurinae,Aerococcus urinae
aerococcusviridans,Aerococcus viridans
aeromonasallosaccharophila,Aeromonas allosaccharophila
aeromonascaviae,Aeromonas caviae
aeromonasdhakensis,Aeromonas dhakensis
aeromonasenteropelogenes,Aeromonas enteropelogenes
aeromonashydrophila,Aeromonas hydrophila
aeromonassalmonicida,Aeromonas salmonicida
aeromonassobria,Aeromonas sobria
aeromonasveronii,Aeromonas veronii
agathobacterrectalis,Agathobacter rectalis
aggregatibacteractinomycetemcomitans,Aggregatibacter actinomycetemcomitans
agrobacteriumradiobacter,Agrobacterium radiobacter
agrobacteriumtumefaciens,Agrobacterium tumefaciens
alcaligenesfaecalis,Alcaligenes faecalis
aliarcobacterbutzleri,Aliarcobacter butzleri
aliarcobactercryaerophilus,Aliarcobacter cryaerophilus
alicyclobacillusacidoterrestris,Alicyclobacillus acidoterrestris
aliivibriofischeri,Aliivibrio fischeri
alkalihalobacillusalcalophilus,Alkalihalobacillus alcalophilus
alloiococcusotitis,Alloiococcus otitis
anaerococcusprevotii,Anaerococcus prevotii
anaerococcustetradius,Anaerococcus tetradius
anaerococcusvaginalis,Anaerococcus vaginalis
anaerotignumlactatifermentans,Anaerotignum lactatifermentans
anaerotignumpropionicum,Anaerotignum propionicum
aphanizomenongracile,Aphanizomenon gracile
arachniapropionica,Arachnia propionica
arcobacterdefluvii,Arcobacter defluvii
atlantibacterhermannii,Atlantibacter hermannii
atopobiumminutum,Atopobium minutum
avibacteriumparagallinarum,Avibacterium paragallinarum
azospirillumlipoferum,Azospirillum lipoferum
azotobacterchroococcum,Azotobacter chroococcum
bacillusaerius,Bacillus aerius
bacillusaltitudinis,Bacillus altitudinis
bacillusamyloliquefaciens,Bacillus amyloliquefaciens
bacillusanthracis,Bacillus anthracis
bacillusatrophaeus,Bacillus atrophaeus
bacilluscereus,Bacillus cereus
bacillushalotolerans,Bacillus halotolerans
bacilluslicheniformis,Bacillus licheniformis
bacillusmycoides,Bacillus mycoides
bacilluspumilus,Bacillus pumilus
bacillussonorensis,Bacillus sonorensis
bacillussubtilis,Bacillus subtilis
bacillussubtilissubsp.globigii,Bacillus subtilis subsp. globigii
bacillusthuringiensis,Bacillus thuringiensis
bacteroidescaccae,Bacteroides caccae
bacteroidescellulosilyticus,Bacteroides cellulosilyticus
bacteroideseggerthii,Bacteroides eggerthii
bacteroidesfragilis,Bacteroides fragilis
bacteroidesovatus,Bacteroides ovatus
bacteroidespyogenes,Bacteroides pyogenes
bacteroidessalyersiae,Bacteroides salyersiae
bacteroidesstercoris,Bacteroides stercoris
bacteroidesthetaiotaomicron,Bacteroides thetaiotaomicron
bacteroidesuniformis,Bacteroides uniformis
bacteroidesxylanisolvens,Bacteroides xylanisolvens
bartonellaelizabethae,Bartonella elizabethae
bartonellahenselae,Bartonella henselae
bartonellaquintana,Bartonella quintana
bartonellavinsonii,Bartonella vinsonii
bergeyellazoohelcum,Bergeyella zoohelcum
bifidobacteriumadolescentis,Bifidobacterium adolescentis
bifidobacteriumangulatum,Bifidobacterium angulatum
bifidobacteriumanimalis,Bifidobacterium animalis
bifidobacteriumbifidum,Bifidobacterium bifidum
bifidobacteriumbreve,Bifidobacterium breve
bifidobacteriumcatenulatum,Bifidobacterium catenulatum
bifidobacteriumdentium,Bifidobacterium dentium
bifidobacteriumlongum,Bifidobacterium longum
bifidobacteriumpseudocatenulatum,Bifidobacterium pseudocatenulatum
bilophilawadsworthia,Bilophila wadsworthia
blautiaobeum,Blautia obeum
blautiaproducta,Blautia producta
bordetellabronchiseptica,Bordetella bronchiseptica
bordetellaparapertussis,Bordetella parapertussis
bordetellapertussis,Bordetella pertussis
borreliahermsii,Borrelia hermsii
borreliamiyamotoi,Borrelia miyamotoi
borreliaturcica,Borrelia turcica
borreliellaafzelii,Borreliella afzelii
borreliellaburgdorferi,Borreliella burgdorferi
borreliellagarinii,Borreliella garinii
brachyspirahyodysenteriae,Brachyspira hyodysenteriae
brachyspirapilosicoli,Brachyspira pilosicoli
brevibacillusbrevis,Brevibacillus brevis
brevibacilluslaterosporus,Brevibacillus laterosporus
brevibacteriumepidermidis,Brevibacterium epidermidis
brevundimonasdiminuta,Brevundimonas diminuta
brevundimonasvesicularis,Brevundimonas vesicularis
brucellaabortus,Brucella abortus
brucellaanthropi,Brucella anthropi
brucellaintermedia,Brucella intermedia
brucellamelitensis,Brucella melitensis
brucellaneotomae,Brucella neotomae
brucellasuis,Brucella suis
burkholderiaambifaria,Burkholderia ambifaria
burkholderiaanthina,Burkholderia anthina
burkholderiaarboris,Burkholderia arboris
burkholderiacenocepacia,Burkholderia cenocepacia
burkholderiacepacia,Burkholderia cepacia
burkholderiacontaminans,Burkholderia contaminans
burkholderiadiffusa,Burkholderia diffusa
burkholderiadolosa,Burkholderia dolosa
burkholderiagladioli,Burkholderia gladioli
burkholderialata,Burkholderia lata
burkholderialatens,Burkholderia latens
burkholderiamallei,Burkholderia mallei
burkholderiametallica,Burkholderia metallica
burkholderiamultivorans,Burkholderia multivorans
burkholderiaplantarii,Burkholderia plantarii
burkholderiapseudomallei,Burkholderia pseudomallei
burkholderiapseudomultivorans,Burkholderia pseudomultivorans
burkholderiapyrrocinia,Burkholderia pyrrocinia
burkholderiaseminalis,Burkholderia seminalis
burkholderiastabilis,Burkholderia stabilis
burkholderiastagnalis,Burkholderia stagnalis
burkholderiaterritorii,Burkholderia territorii
burkholderiathailandensis,Burkholderia thailandensis
burkholderiaubonensis,Burkholderia ubonensis
burkholderiavietnamiensis,Burkholderia vietnamiensis
butyrivibriofibrisolvens,Butyrivibrio fibrisolvens
campylobactercoli,Campylobacter coli
campylobacterfetus,Campylobacter fetus
campylobactergracilis,Campylobacter gracilis
campylobacterhyointestinalis,Campylobacter hyointestinalis
campylobacterjejuni,Campylobacter jejuni
campylobacterrectus,Campylobacter rectus
campylobactersputorum,Campylobacter sputorum
candidatuskuenenia,Candidatus Kuenenia
capnocytophagaochracea,Capnocytophaga ochracea
capnocytophagasputigena,Capnocytophaga sputigena
carnobacteriumdivergens,Carnobacterium divergens
caulobactervibrioides,Caulobacter vibrioides
cellulophagalytica,Cellulophaga lytica
chlamydiamuridarum,Chlamydia muridarum
chlamydiapneumoniae,Chlamydia pneumoniae
chlamydiatrachomatis,Chlamydia trachomatis
chromobacteriumviolaceum,Chromobacterium violaceum
chryseobacteriumgleum,Chryseobacterium gleum
chryseobacteriumindologenes,Chryseobacterium indologenes
chrysosporumbergii,Chrysosporum bergii
citrobacteramalonaticus,Citrobacter amalonaticus
citrobacterbraakii,Citrobacter braakii
citrobacterfarmeri,Citrobacter farmeri
citrobacterfreundii,Citrobacter freundii
citrobacterkoseri,Citrobacter koseri
citrobactermurliniae,Citrobacter murliniae
citrobacterrodentium,Citrobacter rodentium
citrobacterwerkmanii,Citrobacter werkmanii
citrobacteryoungae,Citrobacter youngae
clavibactermichiganensis,Clavibacter michiganensis
clostridioidesdifficile,Clostridioides difficile
clostridiumacetobutylicum,Clostridium acetobutylicum
clostridiumbaratii,Clostridium baratii
clostridiumbeijerinckii,Clostridium beijerinckii
clostridiumbotulinum,Clostridium botulinum
clostridiumbutyricum,Clostridium butyricum
clostridiumcadaveris,Clostridium cadaveris
clostridiumcolicanis,Clostridium colicanis
clostridiumdisporicum,Clostridium disporicum
clostridiumfallax,Clostridium fallax
clostridiumnovyi,Clostridium novyi
clostridiumparaputrificum,Clostridium paraputrificum
clostridiumpasteurianum,Clostridium pasteurianum
clostridiumperfringens,Clostridium perfringens
clostridiumsardiniense,Clostridium sardiniense
clostridiumsporogenes,Clostridium sporogenes
clostridiumsubterminale,Clostridium subterminale
clostridiumtertium,Clostridium tertium
clostridiumtetani,Clostridium tetani
cobetiamarina,Cobetia marina
collinsellaaerofaciens,Collinsella aerofaciens
comamonastestosteroni,Comamonas testosteroni
companilactobacillusalimentarius,Companilactobacillus alimentarius
coprococcuscomes,Coprococcus comes
corynebacteriumafermentans,Corynebacterium afermentans
corynebacteriumammoniagenes,Corynebacterium ammoniagenes
corynebacteriumamycolatum,Corynebacterium amycolatum
corynebacteriumaurimucosum,Corynebacterium aurimucosum
corynebacteriumbovis,Corynebacterium bovis
corynebacteriumcoyleae,Corynebacterium coyleae
corynebacteriumdiphtheriae,Corynebacterium diphtheriae
corynebacteriumdurum,Corynebacterium durum
corynebacteriumglucuronolyticum,Corynebacterium glucuronolyticum
corynebacteriumglutamicum,Corynebacterium glutamicum
corynebacteriumimitans,Corynebacterium imitans
corynebacteriumjeikeium,Corynebacterium jeikeium
corynebacteriumkroppenstedtii,Corynebacterium kroppenstedtii
corynebacteriumminutissimum,Corynebacterium minutissimum
corynebacteriumpropinquum,Corynebacterium propinquum
corynebacteriumpseudodiphtheriticum,Corynebacterium pseudodiphtheriticum
corynebacteriumpseudotuberculosis,Corynebacterium pseudotuberculosis
corynebacteriumrenale,Corynebacterium renale
corynebacteriumsimulans,Corynebacterium simulans
corynebacteriumstriatum,Corynebacterium striatum
corynebacteriumulcerans,Corynebacterium ulcerans
corynebacteriumurealyticum,Corynebacterium urealyticum
corynebacteriumxerosis,Corynebacterium xerosis
coxiellaburnetii,Coxiella burnetii
cronobactersakazakii,Cronobacter sakazakii
crystallibactercrystallopoietes,Crystallibacter crystallopoietes
cutibacteriumacnes,Cutibacterium acnes
cutibacteriumavidum,Cutibacterium avidum
cutibacteriumgranulosum,Cutibacterium granulosum
cytobacillusfirmus,Cytobacillus firmus
cytobacillusoceanisediminis,Cytobacillus oceanisediminis
deinococcusradiopugnans,Deinococcus radiopugnans
delftiaacidovorans,Delftia acidovorans
dermabacterhominis,Dermabacter hominis
dermatobacterhominis,Dermatobacter hominis
desulfovibriodesulfuricans,Desulfovibrio desulfuricans
desulfovibriopiger,Desulfovibrio piger
dickeyachrysanthemi,Dickeya chrysanthemi
dickeyazeae,Dickeya zeae
dolosigranulumpigrum,Dolosigranulum pigrum
doreaformicigenerans,Dorea formicigenerans
dorealongicatena,Dorea longicatena
ectopseudomonasmendocina,Ectopseudomonas mendocina
ectopseudomonasoleovorans,Ectopseudomonas oleovorans
edwardsiellaictaluri,Edwardsiella ictaluri
edwardsiellatarda,Edwardsiella tarda
eggerthellalenta,Eggerthella lenta
eikenellacorrodens,Eikenella corrodens
elizabethkingiaanophelis,Elizabethkingia anophelis
elizabethkingiameningoseptica,Elizabethkingia meningoseptica
elizabethkingiamiricola,Elizabethkingia miricola
empedobacterbrevis,Empedobacter brevis
empedobacterstercoris,Empedobacter stercoris
enterobacterasburiae,Enterobacter asburiae
enterobacterbugandensis,Enterobacter bugandensis
enterobactercancerogenus,Enterobacter cancerogenus
enterobactercloacae,Enterobacter cloacae
enterobacterhormaechei,Enterobacter hormaechei
enterobacterkobei,Enterobacter kobei
enterobacterludwigii,Enterobacter ludwigii
enterobactermori,Enterobacter mori
enterobacteralesbacterium,Enterobacterales bacterium
enterobacteriaceaebacterium,Enterobacteriaceae bacterium
enteroclosteraldenensis,Enterocloster aldenensis
enteroclosterbolteae,Enterocloster bolteae
enteroclostercitroniae,Enterocloster citroniae
enteroclosterclostridioformis,Enterocloster clostridioformis
enteroclosterlavalensis,Enterocloster lavalensis
enterococcusavium,Enterococcus avium
enterococcuscasseliflavus,Enterococcus casseliflavus
enterococcuscolumbae,Enterococcus columbae
enterococcusdurans,Enterococcus durans
enterococcusfaecalis,Enterococcus faecalis
enterococcusfaecium,Enterococcus faecium
enterococcusgallinarum,Enterococcus gallinarum
enterococcushirae,Enterococcus hirae
enterococcusmundtii,Enterococcus mundtii
enterococcusraffinosus,Enterococcus raffinosus
enterococcussaccharolyticus,Enterococcus saccharolyticus
enterococcussulfureus,Enterococcus sulfureus
erwiniaamylovora,Erwinia amylovora
erysipelothrixrhusiopathiae,Erysipelothrix rhusiopathiae
escherichiacoli,Escherichia coli
escherichiafergusonii,Escherichia fergusonii
eubacteriumlimosum,Eubacterium limosum
faecalibacteriumprausnitzii,Faecalibacterium prausnitzii
faucicolaosloensis,Faucicola osloensis
filifactoralocis,Filifactor alocis
finegoldiamagna,Finegoldia magna
flavobacteriumaquatile,Flavobacterium aquatile
flavobacteriumcolumnare,Flavobacterium columnare
flavonifractorplautii,Flavonifractor plautii
fluoribacterdumoffii,Fluoribacter dumoffii
francisellaphilomiragia,Francisella philomiragia
francisellatularensis,Francisella tularensis
franconibacterhelveticus,Franconibacter helveticus
fusobacteriummortiferum,Fusobacterium mortiferum
fusobacteriumnecrophorum,Fusobacterium necrophorum
fusobacteriumnucleatum,Fusobacterium nucleatum
fusobacteriumvarium,Fusobacterium varium
gardnerellavaginalis,Gardnerella vaginalis
geobacillusstearothermophilus,Geobacillus stearothermophilus
glaesserellaparasuis,Glaesserella parasuis
gordoniabronchialis,Gordonia bronchialis
gordoniarubripertincta,Gordonia rubripertincta
granulicatellaadiacens,Granulicatella adiacens
haemophilusinfluenzae,Haemophilus influenzae
haemophilusparainfluenzae,Haemophilus parainfluenzae
hafniaalvei,Hafnia alvei
halalkalibacteriumhalodurans,Halalkalibacterium halodurans
hathewayahistolytica,Hathewaya histolytica
hathewayalimosa,Hathewaya limosa
helicobacterailurogastricus,Helicobacter ailurogastricus
helicobacterbilis,Helicobacter bilis
helicobacterbizzozeronii,Helicobacter bizzozeronii
helicobactercinaedi,Helicobacter cinaedi
helicobacterfelis,Helicobacter felis
helicobacterheilmannii,Helicobacter heilmannii
helicobacterhepaticus,Helicobacter hepaticus
helicobactermuridarum,Helicobacter muridarum
helicobactermustelae,Helicobacter mustelae
helicobacterpylori,Helicobacter pylori
helicobactersuis,Helicobacter suis
heyndrickxiacoagulans,Heyndrickxia coagulans
heyndrickxiaoleronia,Heyndrickxia oleronia
histophilussomni,Histophilus somni
hoylesellabuccalis,Hoylesella buccalis
hoylesellaloescheii,Hoylesella loescheii
hoylesellaoralis,Hoylesella oralis
hoylesellasaccharolytica,Hoylesella saccharolytica
hungatellahathewayi,Hungatella hathewayi
inquilinuslimosus,Inquilinus limosus
intestinibacterbartlettii,Intestinibacter bartlettii
kingelladenitrificans,Kingella denitrificans
klebsiellaaerogenes,Klebsiella aerogenes
klebsiellagrimontii,Klebsiella grimontii
klebsiellaoxytoca,Klebsiella oxytoca
klebsiellapneumoniae,Klebsiella pneumoniae
klebsiellaquasipneumoniae,Klebsiella quasipneumoniae
klebsiellavariicola,Klebsiella variicola
kluyveraintermedia,Kluyvera intermedia
kocuriarhizophila,Kocuria rhizophila
kocuriarosea,Kocuria rosea
kocuriavarians,Kocuria varians
kosakoniacowanii,Kosakonia cowanii
lachnospiraeligens,Lachnospira eligens
lacrimisporacelerecrescens,Lacrimispora celerecrescens
lacrimisporasaccharolytica,Lacrimispora saccharolytica
lacrimisporasphenoides,Lacrimispora sphenoides
lacrimisporaxylanolytica,Lacrimispora xylanolytica
lacticaseibacilluscasei,Lacticaseibacillus casei
lacticaseibacillusparacasei,Lacticaseibacillus paracasei
lacticaseibacillusrhamnosus,Lacticaseibacillus rhamnosus
lacticaseibacillusthailandensis,Lacticaseibacillus thailandensis
lactiplantibacillusplantarum,Lactiplantibacillus plantarum
lactobacillusacidophilus,Lactobacillus acidophilus
lactobacilluscrispatus,Lactobacillus crispatus
lactobacillusdelbrueckii,Lactobacillus delbrueckii
lactobacillusgasseri,Lactobacillus gasseri
lactobacillusiners,Lactobacillus iners
lactobacillusjensenii,Lactobacillus jensenii
lactobacillusjohnsonii,Lactobacillus johnsonii
lactococcusgarvieae,Lactococcus garvieae
lactococcuslactis,Lactococcus lactis
lancefieldellaparvula,Lancefieldella parvula
leclerciaadecarboxylata,Leclercia adecarboxylata
legionellabozemanae,Legionella bozemanae
legionellafeeleii,Legionella feeleii
legionellalongbeachae,Legionella longbeachae
legionellamicdadei,Legionella micdadei
legionellaoakridgensis,Legionella oakridgensis
legionellapneumophila,Legionella pneumophila
lelliottiaamnigena,Lelliottia amnigena
lentibacillushalodurans,Lentibacillus halodurans
leptolyngbyaboryana,Leptolyngbya boryana
leptospirainterrogans,Leptospira interrogans
leuconostoccitreum,Leuconostoc citreum
leuconostoclactis,Leuconostoc lactis
leuconostocmesenteroides,Leuconostoc mesenteroides
levilactobacillusbrevis,Levilactobacillus brevis
liberibactercrescens,Liberibacter crescens
ligilactobacillussalivarius,Ligilactobacillus salivarius
limnospiraplatensis,Limnospira platensis
limosilactobacillusfermentum,Limosilactobacillus fermentum
limosilactobacillusmucosae,Limosilactobacillus mucosae
limosilactobacillusreuteri,Limosilactobacillus reuteri
limosilactobacillusvaginalis,Limosilactobacillus vaginalis
listeriagrayi,Listeria grayi
listeriainnocua,Listeria innocua
listeriaivanovii,Listeria ivanovii
listeriamonocytogenes,Listeria monocytogenes
listeriarocourtiae,Listeria rocourtiae
listeriaseeligeri,Listeria seeligeri
listeriawelshimeri,Listeria welshimeri
lysinibacillusfusiformis,Lysinibacillus fusiformis
lysinibacillussphaericus,Lysinibacillus sphaericus
malacoplasmamicroti,Malacoplasma microti
mammaliicoccuslentus,Mammaliicoccus lentus
mammaliicoccussciuri,Mammaliicoccus sciuri
mammaliicoccusstepanovicii,Mammaliicoccus stepanovicii
mannheimiahaemolytica,Mannheimia haemolytica
marinobacternauticus,Marinobacter nauticus
marinobacteriumjannaschii,Marinobacterium jannaschii
marinobacteriumstanieri,Marinobacterium stanieri
mediterraneibactergnavus,Mediterraneibacter gnavus
megasphaeraelsdenii,Megasphaera elsdenii
melissococcusplutonius,Melissococcus plutonius
mesomycoplasmahyopneumoniae,Mesomycoplasma hyopneumoniae
mesomycoplasmahyorhinis,Mesomycoplasma hyorhinis
metamycoplasmahominis,Metamycoplasma hominis
metamycoplasmaorale,Metamycoplasma orale
metapseudomonasotitidis,Metapseudomonas otitidis
microbacteriumarborescens,Microbacterium arborescens
microbacteriumaurum,Microbacterium aurum
microbulbifervariabilis,Microbulbifer variabilis
micrococcusflavus,Micrococcus flavus
micrococcusluteus,Micrococcus luteus
microcystisaeruginosa,Microcystis aeruginosa
micromonosporaechinospora,Micromonospora echinospora
micromonosporanigra,Micromonospora nigra
mixtacalida,Mixta calida
mobiluncuscurtisii,Mobiluncus curtisii
mobiluncusmulieris,Mobiluncus mulieris
moraxellacatarrhalis,Moraxella catarrhalis
moraxellalacunata,Moraxella lacunata
moraxellanonliquefaciens,Moraxella nonliquefaciens
morganellamorganii,Morganella morganii
mycobacteriumasiaticum,Mycobacterium asiaticum
mycobacteriumavium,Mycobacterium avium
mycobacteriumcanetti,Mycobacterium canetti
mycobacteriumcelatum,Mycobacterium celatum
mycobacteriumcolombiense,Mycobacterium colombiense
mycobacteriumgastri,Mycobacterium gastri
mycobacteriumgordonae,Mycobacterium gordonae
mycobacteriumintracellulare,Mycobacterium intracellulare
mycobacteriumkansasii,Mycobacterium kansasii
mycobacteriumkyorinense,Mycobacterium kyorinense
mycobacteriumlentiflavum,Mycobacterium lentiflavum
mycobacteriumleprae,Mycobacterium leprae
mycobacteriummalmoense,Mycobacterium malmoense
mycobacteriummarinum,Mycobacterium marinum
mycobacteriummarseillense,Mycobacterium marseillense
mycobacteriumparaense,Mycobacterium paraense
mycobacteriumparaffinicum,Mycobacterium paraffinicum
mycobacteriumparascrofulaceum,Mycobacterium parascrofulaceum
mycobacteriumscrofulaceum,Mycobacterium scrofulaceum
mycobacteriumshimoidei,Mycobacterium shimoidei
mycobacteriumsimiae,Mycobacterium simiae
mycobacteriumszulgai,Mycobacterium szulgai
mycobacteriumtuberculosis,Mycobacterium tuberculosis
mycobacteriumtuberculosisvariantafricanum,Mycobacterium tuberculosis variant africanum
mycobacteriumulcerans,Mycobacterium ulcerans
mycobacteriumxenopi,Mycobacterium xenopi
mycobacteroidesabscessus,Mycobacteroides abscessus
mycobacteroideschelonae,Mycobacteroides chelonae
mycobacteroidesimmunogenum,Mycobacteroides immunogenum
mycolicibacterarupensis,Mycolicibacter arupensis
mycolicibacterheraklionensis,Mycolicibacter heraklionensis
mycolicibacternonchromogenicus,Mycolicibacter nonchromogenicus
mycolicibacterterrae,Mycolicibacter terrae
mycolicibacteriumaichiense,Mycolicibacterium aichiense
mycolicibacteriumaubagnense,Mycolicibacterium aubagnense
mycolicibacteriumaurum,Mycolicibacterium aurum
mycolicibacteriumaustroafricanum,Mycolicibacterium austroafricanum
mycolicibacteriumboenickei,Mycolicibacterium boenickei
mycolicibacteriumchitae,Mycolicibacterium chitae
mycolicibacteriumchubuense,Mycolicibacterium chubuense
mycolicibacteriumconceptionense,Mycolicibacterium conceptionense
mycolicibacteriumcosmeticum,Mycolicibacterium cosmeticum
mycolicibacteriumdiernhoferi,Mycolicibacterium diernhoferi
mycolicibacteriumfallax,Mycolicibacterium fallax
mycolicibacteriumflavescens,Mycolicibacterium flavescens
mycolicibacteriumfortuitum,Mycolicibacterium fortuitum
mycolicibacteriumgadium,Mycolicibacterium gadium
mycolicibacteriumgilvum,Mycolicibacterium gilvum
mycolicibacteriumgoodii,Mycolicibacterium goodii
mycolicibacteriumholsaticum,Mycolicibacterium holsaticum
mycolicibacteriummucogenicum,Mycolicibacterium mucogenicum
mycolicibacteriumneoaurum,Mycolicibacterium neoaurum
mycolicibacteriumobuense,Mycolicibacterium obuense
mycolicibacteriumparafortuitum,Mycolicibacterium parafortuitum
mycolicibacteriumperegrinum,Mycolicibacterium peregrinum
mycolicibacteriumphlei,Mycolicibacterium phlei
mycolicibacteriumphocaicum,Mycolicibacterium phocaicum
mycolicibacteriumporcinum,Mycolicibacterium porcinum
mycolicibacteriumrhodesiae,Mycolicibacterium rhodesiae
mycolicibacteriumrufum,Mycolicibacterium rufum
mycolicibacteriumsenegalense,Mycolicibacterium senegalense
mycolicibacteriumsmegmatis,Mycolicibacterium smegmatis
mycolicibacteriumthermoresistibile,Mycolicibacterium thermoresistibile
mycolicibacteriumtokaiense,Mycolicibacterium tokaiense
mycolicibacteriumvaccae,Mycolicibacterium vaccae
mycolicibacteriumvanbaalenii,Mycolicibacterium vanbaalenii
mycolicibacteriumwolinskyi,Mycolicibacterium wolinskyi
mycoplasmacapricolum,Mycoplasma capricolum
mycoplasmamycoides,Mycoplasma mycoides
mycoplasmaputrefaciens,Mycoplasma putrefaciens
mycoplasmoidesgallisepticum,Mycoplasmoides gallisepticum
mycoplasmoidesgenitalium,Mycoplasmoides genitalium
mycoplasmoidespneumoniae,Mycoplasmoides pneumoniae
mycoplasmopsisagalactiae,Mycoplasmopsis agalactiae
mycoplasmopsisarginini,Mycoplasmopsis arginini
mycoplasmopsissynoviae,Mycoplasmopsis synoviae
neisseriabacilliformis,Neisseria bacilliformis
neisseriacanis,Neisseria canis
neisseriacinerea,Neisseria cinerea
neisseriaelongata,Neisseria elongata
neisseriagonorrhoeae,Neisseria gonorrhoeae
neisserialactamica,Neisseria lactamica
neisseriamacacae,Neisseria macacae
neisseriameningitidis,Neisseria meningitidis
neisseriamucosa,Neisseria mucosa
neisseriaoralis,Neisseria oralis
neisseriapolysaccharea,Neisseria polysaccharea
neisseriasicca,Neisseria sicca
neisseriasubflava,Neisseria subflava
neisseriaweaveri,Neisseria weaveri
neisseriazoodegmatis,Neisseria zoodegmatis
nocardiaabscessus,Nocardia abscessus
nocardiaafricana,Nocardia africana
nocardiaamamiensis,Nocardia amamiensis
nocardiaanaemiae,Nocardia anaemiae
nocardiaasiatica,Nocardia asiatica
nocardiaasteroides,Nocardia asteroides
nocardiabeijingensis,Nocardia beijingensis
nocardiabrasiliensis,Nocardia brasiliensis
nocardiacarnea,Nocardia carnea
nocardiacerradoensis,Nocardia cerradoensis
nocardiacyriacigeorgica,Nocardia cyriacigeorgica
nocardiafarcinica,Nocardia farcinica
nocardianeocaledoniensis,Nocardia neocaledoniensis
nocardianova,Nocardia nova
nocardiaotitidiscaviarum,Nocardia otitidiscaviarum
nocardiapneumoniae,Nocardia pneumoniae
nocardiaterpenica,Nocardia terpenica
nocardiathailandica,Nocardia thailandica
nocardiavinacea,Nocardia vinacea
nocardiawallacei,Nocardia wallacei
odoribactersplanchnicus,Odoribacter splanchnicus
oenococcusoeni,Oenococcus oeni
oleidesulfovibrioalaskensis,Oleidesulfovibrio alaskensis
orientiatsutsugamushi,Orientia tsutsugamushi
oxynemaacuminatum,Oxynema acuminatum
paenibacillusalvei,Paenibacillus alvei
paenibacillusamylolyticus,Paenibacillus amylolyticus
paenibacillusdendritiformis,Paenibacillus dendritiformis
paenibacillusglucanolyticus,Paenibacillus glucanolyticus
paenibacilluslarvae,Paenibacillus larvae
paenibacilluslautus,Paenibacillus lautus
paenibacilluspeoriae,Paenibacillus peoriae
paenibacilluspolymyxa,Paenibacillus polymyxa
pandoraeaapista,Pandoraea apista
pandoraeasputorum,Pandoraea sputorum
pantoeaagglomerans,Pantoea agglomerans
parabacteroidesdistasonis,Parabacteroides distasonis
parabacteroidesgoldsteinii,Parabacteroides goldsteinii
parabacteroidesmerdae,Parabacteroides merdae
paracidovoraxavenae,Paracidovorax avenae
paraclostridiumbifermentans,Paraclostridium bifermentans
paraclostridiumsordellii,Paraclostridium sordellii
parvimonasmicra,Parvimonas micra
pasteurellacanis,Pasteurella canis
pasteurellamultocida,Pasteurella multocida
pectobacteriumatrosepticum,Pectobacterium atrosepticum
pectobacteriumcarotovorum,Pectobacterium carotovorum
pediococcusacidilactici,Pediococcus acidilactici
pelagibacteriumhalotolerans,Pelagibacterium halotolerans
peptococcusniger,Peptococcus niger
peptoniphilusasaccharolyticus,Peptoniphilus asaccharolyticus
peptoniphilusharei,Peptoniphilus harei
peptostreptococcusanaerobius,Peptostreptococcus anaerobius
peribacillussimplex,Peribacillus simplex
phocaeicoladorei,Phocaeicola dorei
phocaeicolavulgatus,Phocaeicola vulgatus
photobacteriumangustum,Photobacterium angustum
photobacteriumphosphoreum,Photobacterium phosphoreum
pimelobactersimplex,Pimelobacter simplex
piscirickettsiasalmonis,Piscirickettsia salmonis
planktothrixagardhii,Planktothrix agardhii
plesiomonasshigelloides,Plesiomonas shigelloides
pluralibactergergoviae,Pluralibacter gergoviae
porphyromonasasaccharolytica,Porphyromonas asaccharolytica
porphyromonasendodontalis,Porphyromonas endodontalis
porphyromonasgingivalis,Porphyromonas gingivalis
porphyromonaslevii,Porphyromonas levii
porphyromonassomerae,Porphyromonas somerae
prescottellaequi,Prescottella equi
prevotellabivia,Prevotella bivia
prevotellacorporis,Prevotella corporis
prevotelladenticola,Prevotella denticola
prevotelladisiens,Prevotella disiens
prevotellaheparinolytica,Prevotella heparinolytica
prevotellaintermedia,Prevotella intermedia
prevotellamelaninogenica,Prevotella melaninogenica
prevotellanigrescens,Prevotella nigrescens
priestiaendophytica,Priestia endophytica
priestiaflexa,Priestia flexa
priestiamegaterium,Priestia megaterium
propionibacteriumfreudenreichii,Propionibacterium freudenreichii
proteushauseri,Proteus hauseri
proteusmirabilis,Proteus mirabilis
proteuspenneri,Proteus penneri
proteusterrae,Proteus terrae
proteusvulgaris,Proteus vulgaris
providenciaalcalifaciens,Providencia alcalifaciens
providenciarettgeri,Providencia rettgeri
providenciastuartii,Providencia stuartii
pseudarthrobacterchlorophenolicus,Pseudarthrobacter chlorophenolicus
pseudescherichiavulneris,Pseudescherichia vulneris
pseudoalteromonasatlantica,Pseudoalteromonas atlantica
pseudoalteromonascarrageenovora,Pseudoalteromonas carrageenovora
pseudoalteromonascitrea,Pseudoalteromonas citrea
pseudoalteromonaslipolytica,Pseudoalteromonas lipolytica
pseudoalteromonasulvae,Pseudoalteromonas ulvae
pseudoflavonifractorcapillosus,Pseudoflavonifractor capillosus
pseudomonasaeruginosa,Pseudomonas aeruginosa
pseudomonasagarici,Pseudomonas agarici
pseudomonasazotoformans,Pseudomonas azotoformans
pseudomonascapeferrum,Pseudomonas capeferrum
pseudomonaschlororaphis,Pseudomonas chlororaphis
pseudomonascichorii,Pseudomonas cichorii
pseudomonascorrugata,Pseudomonas corrugata
pseudomonasfluorescens,Pseudomonas fluorescens
pseudomonasfulva,Pseudomonas fulva
pseudomonasluteola,Pseudomonas luteola
pseudomonasmonteilii,Pseudomonas monteilii
pseudomonasoryzihabitans,Pseudomonas oryzihabitans
pseudomonasproteolytica,Pseudomonas proteolytica
pseudomonasputida,Pseudomonas putida
pseudomonassavastanoi,Pseudomonas savastanoi
pseudomonassyringae,Pseudomonas syringae
pseudomonastolaasii,Pseudomonas tolaasii
pseudomonasviridiflava,Pseudomonas viridiflava
pseudoramibacteralactolyticus,Pseudoramibacter alactolyticus
pseudoxanthomonasmexicana,Pseudoxanthomonas mexicana
rahnellaaquatilis,Rahnella aquatilis
ralstoniainsidiosa,Ralstonia insidiosa
ralstoniamannitolilytica,Ralstonia mannitolilytica
ralstoniapickettii,Ralstonia pickettii
ralstoniasolanacearum,Ralstonia solanacearum
raoultellaornithinolytica,Raoultella ornithinolytica
raoultellaplanticola,Raoultella planticola
raoultellaterrigena,Raoultella terrigena
rhizobiumleguminosarum,Rhizobium leguminosarum
rhodococcoidescorynebacterioides,Rhodococcoides corynebacterioides
rhodococcoidesfascians,Rhodococcoides fascians
rhodococcuserythropolis,Rhodococcus erythropolis
rhodococcusopacus,Rhodococcus opacus
rhodococcusruber,Rhodococcus ruber
rhodothalassiumsalexigens,Rhodothalassium salexigens
riemerellaanatipestifer,Riemerella anatipestifer
robinsoniellapeoriensis,Robinsoniella peoriensis
roseobacterlitoralis,Roseobacter litoralis
rossellomoreaaquimaris,Rossellomorea aquimaris
rothiakristinae,Rothia kristinae
rothiamucilaginosa,Rothia mucilaginosa
rubrivivaxgelatinosus,Rubrivivax gelatinosus
salinisporaarenicola,Salinispora arenicola
salmonellaenterica,Salmonella enterica
sarcinaventriculi,Sarcina ventriculi
schaaliameyeri,Schaalia meyeri
schaaliaodontolytica,Schaalia odontolytica
segatellabuccae,Segatella buccae
segatellaoris,Segatella oris
serratiafonticola,Serratia fonticola
serratialiquefaciens,Serratia liquefaciens
serratiamarcescens,Serratia marcescens
serratiaodorifera,Serratia odorifera
serratiaplymuthica,Serratia plymuthica
serratiarubidaea,Serratia rubidaea
shewanellaalgae,Shewanella algae
shewanellaoneidensis,Shewanella oneidensis
shewanellaputrefaciens,Shewanella putrefaciens
shewanellaxiamenensis,Shewanella xiamenensis
shigellaboydii,Shigella boydii
shigelladysenteriae,Shigella dysenteriae
shigellaflexneri,Shigella flexneri
shigellasonnei,Shigella sonnei
shouchellaclausii,Shouchella clausii
sinorhizobiummeliloti,Sinorhizobium meliloti
sphingobiumindicum,Sphingobium indicum
sphingomonaspaucimobilis,Sphingomonas paucimobilis
sporosarcinaureae,Sporosarcina ureae
staphylococcusargenteus,Staphylococcus argenteus
staphylococcusaureus,Staphylococcus aureus
staphylococcusauricularis,Staphylococcus auricularis
staphylococcuscapitis,Staphylococcus capitis
staphylococcuscaprae,Staphylococcus caprae
staphylococcuscarnosus,Staphylococcus carnosus
staphylococcuschromogenes,Staphylococcus chromogenes
staphylococcuscohnii,Staphylococcus cohnii
staphylococcusdelphini,Staphylococcus delphini
staphylococcusepidermidis,Staphylococcus epidermidis
staphylococcushaemolyticus,Staphylococcus haemolyticus
staphylococcushominis,Staphylococcus hominis
staphylococcushyicus,Staphylococcus hyicus
staphylococcusintermedius,Staphylococcus intermedius
staphylococcuslugdunensis,Staphylococcus lugdunensis
staphylococcuspettenkoferi,Staphylococcus pettenkoferi
staphylococcuspseudintermedius,Staphylococcus pseudintermedius
staphylococcussaprophyticus,Staphylococcus saprophyticus
staphylococcusschleiferi,Staphylococcus schleiferi
staphylococcussimulans,Staphylococcus simulans
staphylococcuswarneri,Staphylococcus warneri
staphylococcusxylosus,Staphylococcus xylosus
stenotrophomonasmaltophilia,Stenotrophomonas maltophilia
streptococcusagalactiae,Streptococcus agalactiae
streptococcusalactolyticus,Streptococcus alactolyticus
streptococcusanginosus,Streptococcus anginosus
streptococcusaustralis,Streptococcus australis
streptococcuscanis,Streptococcus canis
streptococcusconstellatus,Streptococcus constellatus
streptococcuscristatus,Streptococcus cristatus
streptococcusdysgalactiae,Streptococcus dysgalactiae
streptococcusequi,Streptococcus equi
streptococcusequinus,Streptococcus equinus
streptococcusgallolyticus,Streptococcus gallolyticus
streptococcusgordonii,Streptococcus gordonii
streptococcusinfantarius,Streptococcus infantarius
streptococcusinfantis,Streptococcus infantis
streptococcusiniae,Streptococcus iniae
streptococcusintermedius,Streptococcus intermedius
streptococcuslutetiensis,Streptococcus lutetiensis
streptococcusmassiliensis,Streptococcus massiliensis
streptococcusmilleri,Streptococcus milleri
streptococcusmitis,Streptococcus mitis
streptococcusmutans,Streptococcus mutans
streptococcusoralis,Streptococcus oralis
streptococcusparasanguinis,Streptococcus parasanguinis
streptococcusparauberis,Streptococcus parauberis
streptococcuspneumoniae,Streptococcus pneumoniae
streptococcuspyogenes,Streptococcus pyogenes
streptococcussalivarius,Streptococcus salivarius
streptococcussanguinis,Streptococcus sanguinis
streptococcussobrinus,Streptococcus sobrinus
streptococcussuis,Streptococcus suis
streptococcusthermophilus,Streptococcus thermophilus
streptococcusuberis,Streptococcus uberis
streptococcusvestibularis,Streptococcus vestibularis
streptococcusviridans,Streptococcus viridans
streptomycesalbus,Streptomyces albus
streptomycesavermitilis,Streptomyces avermitilis
streptomycescoelicolor,Streptomyces coelicolor
streptomycesfradiae,Streptomyces fradiae
streptomycesgriseus,Streptomyces griseus
streptomyceshimastatinicus,Streptomyces himastatinicus
streptomyceslividans,Streptomyces lividans
streptomycesroietensis,Streptomyces roietensis
streptomycesscabiei,Streptomyces scabiei
streptomycesvenezuelae,Streptomyces venezuelae
streptomycesviolaceoruber,Streptomyces violaceoruber
streptomycesviridochromogenes,Streptomyces viridochromogenes
streptosporangiumlongisporum,Streptosporangium longisporum
stutzerimonasstutzeri,Stutzerimonas stutzeri
sutterellawadsworthensis,Sutterella wadsworthensis
synechococcuselongatus,Synechococcus elongatus
tannerellaforsythia,Tannerella forsythia
tenacibaculummaritimum,Tenacibaculum maritimum
terrisporobacterglycolicus,Terrisporobacter glycolicus
tetragenococcushalophilus,Tetragenococcus halophilus
thermusthermophilus,Thermus thermophilus
thomasclaveliaramosa,Thomasclavelia ramosa
treponemadenticola,Treponema denticola
treponemapallidum,Treponema pallidum
trueperellapyogenes,Trueperella pyogenes
tsukamurellapulmonis,Tsukamurella pulmonis
ureaplasmaparvum,Ureaplasma parvum
ureaplasmaurealyticum,Ureaplasma urealyticum
veillonellaatypica,Veillonella atypica
veillonelladispar,Veillonella dispar
veillonellaparvula,Veillonella parvula
vibrioaestuarianus,Vibrio aestuarianus
vibrioalginolyticus,Vibrio alginolyticus
vibrioanguillarum,Vibrio anguillarum
vibriocampbellii,Vibrio campbellii
vibriocholerae,Vibrio cholerae
vibriocoralliilyticus,Vibrio coralliilyticus
vibriofluvialis,Vibrio fluvialis
vibriofurnissii,Vibrio furnissii
vibrioharveyi,Vibrio harveyi
vibrioichthyoenteri,Vibrio ichthyoenteri
vibriomimicus,Vibrio mimicus
vibrionatriegens,Vibrio natriegens
vibrioordalii,Vibrio ordalii
vibrioowensii,Vibrio owensii
vibrioparahaemolyticus,Vibrio parahaemolyticus
vibriopelagius,Vibrio pelagius
vibrioproteolyticus,Vibrio proteolyticus
vibriorotiferianus,Vibrio rotiferianus
vibrioscophthalmi,Vibrio scophthalmi
vibriosplendidus,Vibrio splendidus
vibriotasmaniensis,Vibrio tasmaniensis
vibriovulnificus,Vibrio vulnificus
vreelandellaaquamarina,Vreelandella aquamarina
weissellacibaria,Weissella cibaria
weissellaconfusa,Weissella confusa
weissellahellenica,Weissella hellenica
wohlfahrtiimonaschitiniclastica,Wohlfahrtiimonas chitiniclastica
xanthobacterflavus,Xanthobacter flavus
xanthomonasarboricola,Xanthomonas arboricola
xanthomonasaxonopodis,Xanthomonas axonopodis
xanthomonascampestris,Xanthomonas campestris
xanthomonascitri,Xanthomonas citri
xanthomonaseuvesicatoria,Xanthomonas euvesicatoria
xanthomonasfragariae,Xanthomonas fragariae
xanthomonasoryzae,Xanthomonas oryzae
xanthomonasperforans,Xanthomonas perforans
xanthomonasphaseoli,Xanthomonas phaseoli
xanthomonasprunicola,Xanthomonas prunicola
xanthomonastranslucens,Xanthomonas translucens
xanthomonasvesicatoria,Xanthomonas vesicatoria
xylellafastidiosa,Xylella fastidiosa
yersiniabercovieri,Yersinia bercovieri
yersiniaenterocolitica,Yersinia enterocolitica
yersiniaintermedia,Yersinia intermedia
yersiniamollaretii,Yersinia mollaretii
yersiniapestis,Yersinia pestis
yersiniapseudotuberculosis,Yersinia pseudotuberculosis
yersiniaruckeri,Yersinia ruckeri
zymomonasmobilis,Zymomonas mobilis
clostridiumhylemonae,Clostridium hylemonae
clostridiuminnocuum,Clostridium innocuum
clostridiumleptum,Clostridium leptum
clostridiumnexile,Clostridium nexile
clostridiumscindens,Clostridium scindens
clostridiumsymbiosum,Clostridium symbiosum
eubacteriumnodatum,Eubacterium nodatum
eubacteriumsiraeum,Eubacterium siraeum
haemophilusducreyi,Haemophilus ducreyi
pasteurellaaerogenes,Pasteurella aerogenes
ruminococcuslactaris,Ruminococcus lactaris
